Department,TotalEmployees,AttritionCount,AttritionPercent,AvgJobSatisfaction,OvertimeRate,TotalJobs,RemoteJobs,RemotePercent,EmploymentShare,RemoteWorkPotentialIndex,AttritionRiskIndex,RetentionReadinessIndex
Human Resources,63,12,19.047619047619047,2.6031746031746033,0.2698412698412698,21,NA,NA,NA,NA,1.9744483159117303,98.02555168408827
Research & Development,961,133,13.839750260145681,2.7263267429760667,0.28199791883454733,NA,NA,NA,NA,NA,1.4315161528623968,98.5684838471376
Sales,446,92,20.62780269058296,2.7511210762331837,0.28699551569506726,NA,NA,NA,NA,NA,2.1518816172735282,97.84811838272647
